province,district,lat,lon
กระบี่,คลองท่อม,7.901,99.1998
กระบี่,ปลายพระยา,8.5481,98.8315
กระบี่,ลำทับ,8.0453,99.3347
กระบี่,อ่าวลึก,8.364,98.75
กระบี่,เกาะลันตา,7.7751,99.074
กระบี่,เขาพนม,8.2733,99.1206
กระบี่,เมืองกระบี่,8.143,98.8495
กระบี่,เหนือคลอง,8.0548,99.0425
กรุงเทพมหานคร,คลองสาน,13.7234,100.5025
กรุงเทพมหานคร,คลองสามวา,13.8742,100.7386
กรุงเทพมหานคร,คลองเตย,13.716,100.5716
กรุงเทพมหานคร,คันนายาว,13.8206,100.6774
กรุงเทพมหานคร,จตุจักร,13.8264,100.5651
กรุงเทพมหานคร,จอมทอง,13.6869,100.463
กรุงเทพมหานคร,ดอนเมือง,13.9244,100.5932
กรุงเทพมหานคร,ดินแดง,13.7753,100.5627
กรุงเทพมหานคร,ดุสิต,13.7802,100.518
กรุงเทพมหานคร,ตลิ่งชัน,13.772,100.4347
กรุงเทพมหานคร,ทวีวัฒนา,13.775,100.3678
กรุงเทพมหานคร,ทุ่งครุ,13.6285,100.4963
กรุงเทพมหานคร,ธนบุรี,13.7152,100.4855
กรุงเทพมหานคร,บางกอกน้อย,13.7624,100.4716
กรุงเทพมหานคร,บางกอกใหญ่,13.7356,100.4765
กรุงเทพมหานคร,บางกะปิ,13.7695,100.6397
กรุงเทพมหานคร,บางขุนเทียน,13.589,100.428
กรุงเทพมหานคร,บางคอแหลม,13.6966,100.5106
กรุงเทพมหานคร,บางซื่อ,13.8192,100.5281
กรุงเทพมหานคร,บางนา,13.6692,100.6185
กรุงเทพมหานคร,บางบอน,13.6564,100.3917
กรุงเทพมหานคร,บางพลัด,13.7876,100.494
กรุงเทพมหานคร,บางรัก,13.7272,100.5241
กรุงเทพมหานคร,บางเขน,13.8663,100.6301
กรุงเทพมหานคร,บางแค,13.7153,100.3953
กรุงเทพมหานคร,บึงกุ่ม,13.8087,100.651
กรุงเทพมหานคร,ปทุมวัน,13.7395,100.5357
กรุงเทพมหานคร,ประเวศ,13.699,100.6769
กรุงเทพมหานคร,ป้อมปราบศัตรูพ่าย,13.7509,100.5112
กรุงเทพมหานคร,พญาไท,13.7818,100.544
กรุงเทพมหานคร,พระนคร,13.7554,100.4982
กรุงเทพมหานคร,พระโขนง,13.6925,100.6133
กรุงเทพมหานคร,ภาษีเจริญ,13.7239,100.4419
กรุงเทพมหานคร,มีนบุรี,13.8089,100.755
กรุงเทพมหานคร,ยานนาวา,13.691,100.5395
กรุงเทพมหานคร,ราชเทวี,13.7572,100.5384
กรุงเทพมหานคร,ราษฎร์บูรณะ,13.6729,100.4998
กรุงเทพมหานคร,ลาดกระบัง,13.7452,100.7912
กรุงเทพมหานคร,ลาดพร้าว,13.8245,100.6085
กรุงเทพมหานคร,วังทองหลาง,13.779,100.6095
กรุงเทพมหานคร,วัฒนา,13.7314,100.5844
กรุงเทพมหานคร,สวนหลวง,13.726,100.6285
กรุงเทพมหานคร,สะพานสูง,13.7621,100.6907
กรุงเทพมหานคร,สัมพันธวงศ์,13.7386,100.5087
กรุงเทพมหานคร,สาทร,13.7145,100.5306
กรุงเทพมหานคร,สายไหม,13.9058,100.6531
กรุงเทพมหานคร,หนองจอก,13.8523,100.8576
กรุงเทพมหานคร,หนองแขม,13.6954,100.3552
กรุงเทพมหานคร,หลักสี่,13.8798,100.5678
กรุงเทพมหานคร,ห้วยขวาง,13.7675,100.5832
กาญจนบุรี,ด่านมะขามเตี้ย,13.8392,99.3254
กาญจนบุรี,ทองผาภูมิ,14.8322,98.69
กาญจนบุรี,ท่ามะกา,13.9454,99.7779
กาญจนบุรี,ท่าม่วง,13.9177,99.6029
กาญจนบุรี,บ่อพลอย,14.4037,99.4408
กาญจนบุรี,พนมทวน,14.1581,99.6855
กาญจนบุรี,ศรีสวัสดิ์,14.6681,99.1219
กาญจนบุรี,สังขละบุรี,15.1988,98.5257
กาญจนบุรี,หนองปรือ,14.6747,99.4158
กาญจนบุรี,ห้วยกระเจา,14.3412,99.6747
กาญจนบุรี,เมืองกาญจนบุรี,14.0731,99.3298
กาญจนบุรี,เลาขวัญ,14.5984,99.6896
กาญจนบุรี,ไทรโยค,14.2603,98.9243
กาฬสินธุ์,กมลาไสย,16.289,103.6063
กาฬสินธุ์,กุฉินารายณ์,16.5235,104.0509
กาฬสินธุ์,คำม่วง,16.9489,103.6461
กาฬสินธุ์,ฆ้องชัย,16.2613,103.4748
กาฬสินธุ์,ดอนจาน,16.4746,103.7145
กาฬสินธุ์,ท่าคันโท,16.8823,103.2426
กาฬสินธุ์,นาคู,16.7618,104.0078
กาฬสินธุ์,นามน,16.5805,103.7887
กาฬสินธุ์,ยางตลาด,16.4429,103.3495
กาฬสินธุ์,ร่องคำ,16.2886,103.7153
กาฬสินธุ์,สมเด็จ,16.7759,103.7567
กาฬสินธุ์,สหัสขันธ์,16.7183,103.585
กาฬสินธุ์,สามชัย,16.8853,103.5242
กาฬสินธุ์,หนองกุงศรี,16.724,103.3418
กาฬสินธุ์,ห้วยผึ้ง,16.6742,103.8872
กาฬสินธุ์,ห้วยเม็ก,16.5973,103.2372
กาฬสินธุ์,เขาวง,16.682,104.1047
กาฬสินธุ์,เมืองกาฬสินธุ์,16.5149,103.556
กำแพงเพชร,ขาณุวรลักษบุรี,16.016,99.6718
กำแพงเพชร,คลองขลุง,16.2234,99.6866
กำแพงเพชร,คลองลาน,16.2495,99.2308
กำแพงเพชร,ทรายทองวัฒนา,16.3134,99.8716
กำแพงเพชร,บึงสามัคคี,16.2213,99.9642
กำแพงเพชร,ปางศิลาทอง,16.027,99.3122
กำแพงเพชร,พรานกระต่าย,16.7102,99.5513
กำแพงเพชร,ลานกระบือ,16.6022,99.8576
กำแพงเพชร,เมืองกำแพงเพชร,16.4255,99.5089
กำแพงเพชร,โกสัมพีนคร,16.5761,99.2851
กำแพงเพชร,ไทรงาม,16.443,99.8619
ขอนแก่น,กระนวน,16.7562,103.0793
ขอนแก่น,ชนบท,16.0252,102.5569
ขอนแก่น,ชุมแพ,16.62,102.0924
ขอนแก่น,ซำสูง,16.5642,103.0507
ขอนแก่น,น้ำพอง,16.7015,102.8794
ขอนแก่น,บ้านฝาง,16.4964,102.6151
ขอนแก่น,บ้านแฮด,16.2056,102.7663
ขอนแก่น,บ้านไผ่,16.0486,102.772
ขอนแก่น,พระยืน,16.3118,102.6687
ขอนแก่น,พล,15.8087,102.591
ขอนแก่น,ภูผาม่าน,16.7177,101.8684
ขอนแก่น,ภูเวียง,16.6731,102.4646
ขอนแก่น,มัญจาคีรี,16.2181,102.5193
ขอนแก่น,สีชมพู,16.7656,102.1245
ขอนแก่น,หนองนาคำ,16.8096,102.3301
ขอนแก่น,หนองสองห้อง,15.7638,102.7894
ขอนแก่น,หนองเรือ,16.4946,102.4448
ขอนแก่น,อุบลรัตน์,16.7842,102.6751
ขอนแก่น,เขาสวนกวาง,16.92,102.7806
ขอนแก่น,เปือยน้อย,15.8941,102.8631
ขอนแก่น,เมืองขอนแก่น,16.4635,102.8042
ขอนแก่น,เวียงเก่า,16.7009,102.2659
ขอนแก่น,แวงน้อย,15.809,102.4134
ขอนแก่น,แวงใหญ่,15.9283,102.4593
ขอนแก่น,โคกโพธิ์ไชย,16.0766,102.386
ขอนแก่น,โนนศิลา,15.9669,102.6839
จันทบุรี,ขลุง,12.5403,102.2981
จันทบุรี,ท่าใหม่,12.7263,101.9781
จันทบุรี,นายายอาม,12.7389,101.8718
จันทบุรี,มะขาม,12.7365,102.2222
จันทบุรี,สอยดาว,13.1838,102.2317
จันทบุรี,เขาคิชฌกูฏ,12.9543,102.0963
จันทบุรี,เมืองจันทบุรี,12.6026,102.119
จันทบุรี,แก่งหางแมว,13.0939,101.884
จันทบุรี,แหลมสิงห์,12.4674,102.122
จันทบุรี,โป่งน้ำร้อน,12.9388,102.3693
ฉะเชิงเทรา,คลองเขื่อน,13.778,101.1536
ฉะเชิงเทรา,ท่าตะเกียบ,13.3922,101.7417
ฉะเชิงเทรา,บางคล้า,13.7449,101.2072
ฉะเชิงเทรา,บางน้ำเปรี้ยว,13.8826,101.0295
ฉะเชิงเทรา,บางปะกง,13.5319,100.9617
ฉะเชิงเทรา,บ้านโพธิ์,13.6093,101.0814
ฉะเชิงเทรา,พนมสารคาม,13.7391,101.4121
ฉะเชิงเทรา,ราชสาส์น,13.7879,101.2833
ฉะเชิงเทรา,สนามชัยเขต,13.6194,101.6458
ฉะเชิงเทรา,เมืองฉะเชิงเทรา,13.7185,101.014
ฉะเชิงเทรา,แปลงยาว,13.5571,101.3435
ชลบุรี,บางละมุง,12.9209,100.9839
ชลบุรี,บ่อทอง,13.2459,101.5077
ชลบุรี,บ้านบึง,13.2504,101.1798
ชลบุรี,พนัสนิคม,13.4687,101.2191
ชลบุรี,พานทอง,13.4625,101.0862
ชลบุรี,ศรีราชา,13.1268,101.0391
ชลบุรี,สัตหีบ,12.7158,100.9242
ชลบุรี,หนองใหญ่,13.1263,101.3752
ชลบุรี,เกาะจันทร์,13.3981,101.3919
ชลบุรี,เกาะสีชัง,13.1514,100.8089
ชลบุรี,เมืองชลบุรี,13.3426,100.9973
ชัยนาท,มโนรมย์,15.322,100.1668
ชัยนาท,วัดสิงห์,15.2129,99.9727
ชัยนาท,สรรคบุรี,15.0202,100.1742
ชัยนาท,สรรพยา,15.1498,100.2542
ชัยนาท,หนองมะโมง,15.2363,99.8245
ชัยนาท,หันคา,15.051,99.9616
ชัยนาท,เนินขาม,14.9886,99.8407
ชัยนาท,เมืองชัยนาท,15.1905,100.1313
ชัยภูมิ,คอนสวรรค์,15.9324,102.2717
ชัยภูมิ,คอนสาร,16.5486,101.719
ชัยภูมิ,จัตุรัส,15.5777,101.841
ชัยภูมิ,ซับใหญ่,15.6141,101.6393
ชัยภูมิ,บำเหน็จณรงค์,15.4678,101.6518
ชัยภูมิ,บ้านเขว้า,15.8249,101.8365
ชัยภูมิ,บ้านแท่น,16.3801,102.3468
ชัยภูมิ,ภักดีชุมพล,15.9695,101.4064
ชัยภูมิ,ภูเขียว,16.351,102.1571
ชัยภูมิ,หนองบัวระเหว,15.8357,101.6325
ชัยภูมิ,หนองบัวแดง,16.1992,101.6233
ชัยภูมิ,เกษตรสมบูรณ์,16.2943,101.9028
ชัยภูมิ,เทพสถิต,15.597,101.4746
ชัยภูมิ,เนินสง่า,15.5574,101.9919
ชัยภูมิ,เมืองชัยภูมิ,15.8967,102.0361
ชัยภูมิ,แก้งคร้อ,16.132,102.2106
ชุมพร,ทุ่งตะโก,10.0914,99.0494
ชุมพร,ท่าแซะ,10.771,99.0948
ชุมพร,ปะทิว,10.8113,99.3393
ชุมพร,พะโต๊ะ,9.8129,98.7992
ชุมพร,ละแม,9.7569,99.0221
ชุมพร,สวี,10.2396,99.017
ชุมพร,หลังสวน,9.9396,99.0461
ชุมพร,เมืองชุมพร,10.462,99.1013
ตรัง,กันตัง,7.4087,99.4875
ตรัง,นาโยง,7.5593,99.7443
ตรัง,ปะเหลียน,7.2553,99.7695
ตรัง,ย่านตาขาว,7.4231,99.7385
ตรัง,รัษฎา,7.9391,99.6657
ตรัง,วังวิเศษ,7.7483,99.413
ตรัง,สิเกา,7.6004,99.3565
ตรัง,หาดสำราญ,7.2385,99.5844
ตรัง,ห้วยยอด,7.7915,99.6065
ตรัง,เมืองตรัง,7.6095,99.6195
ตราด,คลองใหญ่,11.8505,102.8361
ตราด,บ่อไร่,12.5581,102.5712
ตราด,เกาะกูด,11.6567,102.567
ตราด,เกาะช้าง,12.0468,102.3381
ตราด,เขาสมิง,12.4368,102.4164
ตราด,เมืองตราด,12.2654,102.5972
ตราด,แหลมงอบ,12.2207,102.3652
ตาก,ท่าสองยาง,17.4823,98.1203
ตาก,บ้านตาก,17.1091,99.075
ตาก,พบพระ,16.475,98.8218
ตาก,วังเจ้า,16.6202,99.1284
ตาก,สามเงา,17.4021,98.8048
ตาก,อุ้มผาง,15.7986,98.8772
ตาก,เมืองตาก,16.8904,99.1663
ตาก,แม่ระมาด,17.0778,98.6174
ตาก,แม่สอด,16.7491,98.7116
นครนายก,บ้านนา,14.2699,101.0633
นครนายก,ปากพลี,14.2282,101.3429
นครนายก,องครักษ์,14.0754,101.0074
นครนายก,เมืองนครนายก,14.2786,101.2313
นครปฐม,กำแพงแสน,14.0308,99.9618
นครปฐม,ดอนตูม,13.9499,100.0923
นครปฐม,นครชัยศรี,13.8214,100.1788
นครปฐม,บางเลน,14.0471,100.1861
นครปฐม,พุทธมณฑล,13.8309,100.2879
นครปฐม,สามพราน,13.7238,100.2161
นครปฐม,เมืองนครปฐม,13.8204,100.0203
นครพนม,ท่าอุเทน,17.6081,104.4967
นครพนม,ธาตุพนม,16.9629,104.7026
นครพนม,นาทม,17.8408,104.0977
นครพนม,นาหว้า,17.5012,104.0982
นครพนม,นาแก,16.9408,104.4648
นครพนม,บ้านแพง,17.8737,104.217
นครพนม,ปลาปาก,17.2007,104.5384
นครพนม,วังยาง,17.0729,104.4392
นครพนม,ศรีสงคราม,17.6387,104.2344
นครพนม,เมืองนครพนม,17.3208,104.6622
นครพนม,เรณูนคร,17.0548,104.6469
นครพนม,โพนสวรรค์,17.4663,104.4089
นครราชสีมา,ขามทะเลสอ,15.0291,101.93
นครราชสีมา,ขามสะแกแสง,15.3823,102.1698
นครราชสีมา,คง,15.4347,102.2942
นครราชสีมา,ครบุรี,14.3804,102.2135
นครราชสีมา,จักราช,14.9518,102.4395
นครราชสีมา,ชุมพวง,15.2655,102.7531
นครราชสีมา,ด่านขุนทด,15.2227,101.7002
นครราชสีมา,บัวลาย,15.6704,102.5126
นครราชสีมา,บัวใหญ่,15.5896,102.3792
นครราชสีมา,บ้านเหลื่อม,15.5736,102.144
นครราชสีมา,ประทาย,15.5664,102.6994
นครราชสีมา,ปักธงชัย,14.6637,101.9378
นครราชสีมา,ปากช่อง,14.6192,101.4574
นครราชสีมา,พระทองคำ,15.3546,101.9854
นครราชสีมา,พิมาย,15.2517,102.5419
นครราชสีมา,ลำทะเมนชัย,15.2866,102.9048
นครราชสีมา,วังน้ำเขียว,14.4329,101.8709
นครราชสีมา,สีคิ้ว,14.9446,101.6004
นครราชสีมา,สีดา,15.5638,102.55
นครราชสีมา,สูงเนิน,14.859,101.8283
นครราชสีมา,หนองบุญมาก,14.7178,102.3737
นครราชสีมา,ห้วยแถลง,15.0432,102.6347
นครราชสีมา,เฉลิมพระเกียรติ,14.9801,102.2907
นครราชสีมา,เทพารักษ์,15.2856,101.5056
นครราชสีมา,เมืองนครราชสีมา,14.97,102.0925
นครราชสีมา,เมืองยาง,15.4399,102.8861
นครราชสีมา,เสิงสาง,14.3552,102.4808
นครราชสีมา,แก้งสนามนาง,15.7021,102.2465
นครราชสีมา,โชคชัย,14.7597,102.2036
นครราชสีมา,โนนสูง,15.2126,102.2755
นครราชสีมา,โนนแดง,15.4488,102.5354
นครราชสีมา,โนนไทย,15.191,102.0239
นครศรีธรรมราช,ขนอม,9.1905,99.8086
นครศรีธรรมราช,จุฬาภรณ์,8.0745,99.8626
นครศรีธรรมราช,ฉวาง,8.4799,99.529
นครศรีธรรมราช,ชะอวด,7.9575,99.9847
นครศรีธรรมราช,ช้างกลาง,8.3556,99.6291
นครศรีธรรมราช,ถ้ำพรรณรา,8.4611,99.3814
นครศรีธรรมราช,ทุ่งสง,8.1151,99.6569
นครศรีธรรมราช,ทุ่งใหญ่,8.2917,99.3727
นครศรีธรรมราช,ท่าศาลา,8.6997,99.8796
นครศรีธรรมราช,นบพิตำ,8.7555,99.6759
นครศรีธรรมราช,นาบอน,8.2695,99.5514
นครศรีธรรมราช,บางขัน,8.0048,99.4795
นครศรีธรรมราช,ปากพนัง,8.3093,100.1673
นครศรีธรรมราช,พรหมคีรี,8.5461,99.8068
นครศรีธรรมราช,พระพรหม,8.3241,99.9353
นครศรีธรรมราช,พิปูน,8.5978,99.6001
นครศรีธรรมราช,ร่อนพิบูลย์,8.1958,99.8865
นครศรีธรรมราช,ลานสกา,8.3771,99.7757
นครศรีธรรมราช,สิชล,8.9493,99.8092
นครศรีธรรมราช,หัวไทร,8.0091,100.2442
นครศรีธรรมราช,เฉลิมพระเกียรติ,8.1749,100.0383
นครศรีธรรมราช,เชียรใหญ่,8.1209,100.1523
นครศรีธรรมราช,เมืองนครศรีธรรมร,8.4344,99.9714
นครสวรรค์,ชุมตาบง,15.6792,99.5548
นครสวรรค์,ชุมแสง,15.8473,100.2917
นครสวรรค์,ตากฟ้า,15.3809,100.4761
นครสวรรค์,ตาคลี,15.2603,100.3874
นครสวรรค์,ท่าตะโก,15.6565,100.4542
นครสวรรค์,บรรพตพิสัย,15.9952,99.9901
นครสวรรค์,พยุหะคีรี,15.505,100.2102
นครสวรรค์,ลาดยาว,15.7722,99.7955
นครสวรรค์,หนองบัว,15.8653,100.6235
นครสวรรค์,เก้าเลี้ยว,15.8801,100.0988
นครสวรรค์,เมืองนครสวรรค์,15.7159,100.1019
นครสวรรค์,แม่วงก์,15.8386,99.4006
นครสวรรค์,แม่เปิน,15.6888,99.3901
นครสวรรค์,โกรกพระ,15.587,100.0176
นครสวรรค์,ไพศาลี,15.5867,100.6796
นนทบุรี,บางกรวย,13.8132,100.4211
นนทบุรี,บางบัวทอง,13.9308,100.3945
นนทบุรี,บางใหญ่,13.8562,100.3692
นนทบุรี,ปากเกร็ด,13.9244,100.497
นนทบุรี,เมืองนนทบุรี,13.8569,100.4912
นนทบุรี,ไทรน้อย,14.0076,100.3092
นราธิวาส,จะแนะ,6.0383,101.6119
นราธิวาส,ตากใบ,6.2388,101.9996
นราธิวาส,บาเจาะ,6.546,101.6474
นราธิวาส,ยี่งอ,6.4173,101.6997
นราธิวาส,ระแงะ,6.247,101.7082
นราธิวาส,รือเสาะ,6.3784,101.5166
นราธิวาส,ศรีสาคร,6.1884,101.5136
นราธิวาส,สุคิริน,5.9111,101.7363
นราธิวาส,สุไหงปาดี,6.1037,101.8912
นราธิวาส,สุไหงโก-ลก,6.0792,101.9926
นราธิวาส,เจาะไอร้อง,6.2268,101.8406
นราธิวาส,เมืองนราธิวาส,6.3956,101.8132
นราธิวาส,แว้ง,5.8985,101.8667
น่าน,ทุ่งช้าง,19.4659,100.9173
น่าน,ท่าวังผา,19.1298,100.7485
น่าน,นาน้อย,18.3218,100.749
น่าน,นาหมื่น,18.1383,100.6334
น่าน,บ่อเกลือ,19.1024,101.1902
น่าน,บ้านหลวง,18.8457,100.4448
น่าน,ปัว,19.1656,100.9932
น่าน,ภูเพียง,18.7874,100.8657
น่าน,สองแคว,19.405,100.6643
น่าน,สันติสุข,18.9197,100.9857
น่าน,เฉลิมพระเกียรติ,19.5063,101.1326
น่าน,เชียงกลาง,19.3017,100.8905
น่าน,เมืองน่าน,18.8856,100.6648
น่าน,เวียงสา,18.566,100.7067
น่าน,แม่จริม,18.7174,101.1016
บึงกาฬ,บึงโขงหลง,18.03,104.0697
บึงกาฬ,บุ่งคล้า,18.2426,103.9662
บึงกาฬ,ปากคาด,18.2811,103.3397
บึงกาฬ,พรเจริญ,18.0742,103.6481
บึงกาฬ,ศรีวิไล,18.1559,103.7792
บึงกาฬ,เซกา,17.9871,103.9013
บึงกาฬ,เมืองบึงกาฬ,18.3111,103.6041
บึงกาฬ,โซ่พิสัย,18.1448,103.4487
บุรีรัมย์,กระสัง,14.944,103.3168
บุรีรัมย์,คูเมือง,15.2719,103.0379
บุรีรัมย์,ชำนิ,14.788,102.8291
บุรีรัมย์,นางรอง,14.6346,102.761
บุรีรัมย์,นาโพธิ์,15.6963,102.9379
บุรีรัมย์,บ้านกรวด,14.3939,103.1099
บุรีรัมย์,บ้านด่าน,15.122,103.1891
บุรีรัมย์,บ้านใหม่ไชยพจน์,15.5744,102.8487
บุรีรัมย์,ประโคนชัย,14.6093,103.0614
บุรีรัมย์,ปะคำ,14.4042,102.667
บุรีรัมย์,พลับพลาชัย,14.7299,103.1683
บุรีรัมย์,พุทไธสง,15.5325,102.9974
บุรีรัมย์,ละหานทราย,14.3338,102.885
บุรีรัมย์,ลำปลายมาศ,15.0158,102.8688
บุรีรัมย์,สตึก,15.2251,103.3243
บุรีรัมย์,หนองกี่,14.7259,102.5567
บุรีรัมย์,หนองหงส์,14.869,102.6593
บุรีรัมย์,ห้วยราช,15.003,103.2253
บุรีรัมย์,เฉลิมพระเกียรติ,14.5629,102.8926
บุรีรัมย์,เมืองบุรีรัมย์,14.942,103.059
บุรีรัมย์,แคนดง,15.3112,103.1272
บุรีรัมย์,โนนดินแดง,14.2239,102.6791
บุรีรัมย์,โนนสุวรรณ,14.5592,102.5734
ปทุมธานี,คลองหลวง,14.0943,100.6767
ปทุมธานี,ธัญบุรี,14.03,100.7621
ปทุมธานี,ลาดหลุมแก้ว,14.0488,100.4073
ปทุมธานี,ลำลูกกา,13.9777,100.7901
ปทุมธานี,สามโคก,14.0826,100.5227
ปทุมธานี,หนองเสือ,14.1614,100.8381
ปทุมธานี,เมืองปทุมธานี,13.9931,100.5355
ประจวบคีรีขันธ์,กุยบุรี,12.1133,99.7368
ประจวบคีรีขันธ์,ทับสะแก,11.5462,99.5649
ประจวบคีรีขันธ์,บางสะพาน,11.2905,99.4453
ประจวบคีรีขันธ์,บางสะพานน้อย,11.0646,99.3361
ประจวบคีรีขันธ์,ปราณบุรี,12.3919,99.7311
ประจวบคีรีขันธ์,สามร้อยยอด,12.2603,99.7274
ประจวบคีรีขันธ์,หัวหิน,12.5153,99.7048
ประจวบคีรีขันธ์,เมืองประจวบคีรีข,11.8732,99.7204
ปราจีนบุรี,กบินทร์บุรี,13.8896,101.7891
ปราจีนบุรี,นาดี,14.1854,101.8535
ปราจีนบุรี,บ้านสร้าง,13.949,101.2475
ปราจีนบุรี,ประจันตคาม,14.2275,101.5554
ปราจีนบุรี,ศรีมหาโพธิ,13.8865,101.5402
ปราจีนบุรี,ศรีมโหสถ,13.8796,101.4208
ปราจีนบุรี,เมืองปราจีนบุรี,14.0995,101.3859
ปัตตานี,กะพ้อ,6.607,101.5412
ปัตตานี,ทุ่งยางแดง,6.6387,101.4508
ปัตตานี,ปะนาเระ,6.8074,101.5155
ปัตตานี,มายอ,6.7065,101.3999
ปัตตานี,ยะรัง,6.698,101.3119
ปัตตานี,ยะหริ่ง,6.8357,101.3902
ปัตตานี,สายบุรี,6.6978,101.5781
ปัตตานี,หนองจิก,6.8017,101.1641
ปัตตานี,เมืองปัตตานี,6.8523,101.2628
ปัตตานี,แม่ลาน,6.6722,101.2328
ปัตตานี,โคกโพธิ์,6.7011,101.1232
ปัตตานี,ไม้แก่น,6.6144,101.6745
พระนครศรีอยุธยา,ท่าเรือ,14.5389,100.7075
พระนครศรีอยุธยา,นครหลวง,14.4687,100.6254
พระนครศรีอยุธยา,บางซ้าย,14.3138,100.2955
พระนครศรีอยุธยา,บางบาล,14.3854,100.4656
พระนครศรีอยุธยา,บางปะหัน,14.4736,100.5463
พระนครศรีอยุธยา,บางปะอิน,14.238,100.5944
พระนครศรีอยุธยา,บางไทร,14.2143,100.4843
พระนครศรีอยุธยา,บ้านแพรก,14.6441,100.5472
พระนครศรีอยุธยา,ผักไห่,14.4528,100.3415
พระนครศรีอยุธยา,พระนครศรีอยุธยา,14.352,100.5603
พระนครศรีอยุธยา,ภาชี,14.4398,100.726
พระนครศรีอยุธยา,มหาราช,14.5741,100.5372
พระนครศรีอยุธยา,ลาดบัวหลวง,14.169,100.3513
พระนครศรีอยุธยา,วังน้อย,14.2457,100.7242
พระนครศรีอยุธยา,อุทัย,14.3572,100.6967
พระนครศรีอยุธยา,เสนา,14.2952,100.3757
พะเยา,จุน,19.3678,100.1436
พะเยา,ดอกคำใต้,19.103,100.0563
พะเยา,ปง,19.1883,100.3833
พะเยา,ภูกามยาว,19.3203,99.9678
พะเยา,ภูซาง,19.6277,100.3656
พะเยา,เชียงคำ,19.4785,100.3503
พะเยา,เชียงม่วน,18.9395,100.2875
พะเยา,เมืองพะเยา,19.1513,99.8668
พะเยา,แม่ใจ,19.3796,99.7974
พังงา,กะปง,8.7402,98.4662
พังงา,คุระบุรี,9.157,98.3865
พังงา,ตะกั่วทุ่ง,8.2686,98.4122
พังงา,ตะกั่วป่า,8.8446,98.3263
พังงา,ทับปุด,8.5313,98.6315
พังงา,ท้ายเหมือง,8.4927,98.3118
พังงา,เกาะยาว,8.0095,98.579
พังงา,เมืองพังงา,8.4674,98.5134
พัทลุง,กงหรา,7.4224,99.9511
พัทลุง,ควนขนุน,7.7645,100.0603
พัทลุง,ตะโหมด,7.2846,100.0335
พัทลุง,บางแก้ว,7.4251,100.188
พัทลุง,ปากพะยูน,7.3694,100.3181
พัทลุง,ป่าบอน,7.2317,100.1355
พัทลุง,ป่าพยอม,7.8256,99.8634
พัทลุง,ศรีนครินทร์,7.5628,99.9041
พัทลุง,ศรีบรรพต,7.6875,99.8643
พัทลุง,เขาชัยสน,7.4772,100.1278
พัทลุง,เมืองพัทลุง,7.6158,100.1038
พิจิตร,ดงเจริญ,16.0017,100.6158
พิจิตร,ตะพานหิน,16.21,100.4103
พิจิตร,ทับคล้อ,16.1933,100.5952
พิจิตร,บางมูลนาก,16.0325,100.4272
พิจิตร,บึงนาราง,16.191,100.1328
พิจิตร,วชิรบารมี,16.5189,100.0972
พิจิตร,วังทรายพูน,16.3784,100.5404
พิจิตร,สากเหล็ก,16.5059,100.508
พิจิตร,สามง่าม,16.4507,100.1423
พิจิตร,เมืองพิจิตร,16.4113,100.3666
พิจิตร,โพทะเล,16.063,100.2419
พิจิตร,โพธิ์ประทับช้าง,16.3163,100.1809
พิษณุโลก,ชาติตระการ,17.3945,100.6732
พิษณุโลก,นครไทย,17.105,100.865
พิษณุโลก,บางกระทุ่ม,16.5966,100.3495
พิษณุโลก,บางระกำ,16.726,100.0392
พิษณุโลก,พรหมพิราม,17.0782,100.1598
พิษณุโลก,วังทอง,16.8223,100.5776
พิษณุโลก,วัดโบสถ์,17.1577,100.3658
พิษณุโลก,เนินมะปราง,16.5852,100.7066
พิษณุโลก,เมืองพิษณุโลก,16.8371,100.2846
ภูเก็ต,กะทู้,7.9172,98.3137
ภูเก็ต,ถลาง,8.0556,98.3447
ภูเก็ต,เมืองภูเก็ต,7.8664,98.3578
มหาสารคาม,กันทรวิชัย,16.2848,103.2673
มหาสารคาม,กุดรัง,16.0455,102.9563
มหาสารคาม,ชื่นชม,16.5399,103.1426
มหาสารคาม,นาดูน,15.7272,103.2377
มหาสารคาม,นาเชือก,15.8064,103.0419
มหาสารคาม,บรบือ,15.9931,103.1234
มหาสารคาม,พยัคฆภูมิพิสัย,15.5279,103.2364
มหาสารคาม,ยางสีสุราช,15.6538,103.0941
มหาสารคาม,วาปีปทุม,15.868,103.341
มหาสารคาม,เชียงยืน,16.4128,103.0767
มหาสารคาม,เมืองมหาสารคาม,16.1278,103.3083
มหาสารคาม,แกดำ,16.0512,103.3958
มหาสารคาม,โกสุมพิสัย,16.2453,102.9951
มุกดาหาร,คำชะอี,16.6151,104.348
มุกดาหาร,ดงหลวง,16.7943,104.3503
มุกดาหาร,ดอนตาล,16.2965,104.812
มุกดาหาร,นิคมคำสร้อย,16.3529,104.5568
มุกดาหาร,ว่านใหญ่,16.7199,104.7266
มุกดาหาร,หนองสูง,16.4444,104.342
มุกดาหาร,เมืองมุกดาหาร,16.5502,104.6283
ยะลา,กรงปีนัง,6.3965,101.2461
ยะลา,กาบัง,6.3514,100.9853
ยะลา,ธารโต,6.0735,101.2553
ยะลา,บันนังสตา,6.2465,101.278
ยะลา,ยะหา,6.4233,101.1276
ยะลา,รามัน,6.4904,101.4325
ยะลา,เบตง,5.8622,101.2289
ยะลา,เมืองยะลา,6.5532,101.2406
ยโสธร,กุดชุม,16.0561,104.2876
ยโสธร,คำเขื่อนแก้ว,15.6493,104.3351
ยโสธร,ค้อวัง,15.3802,104.3431
ยโสธร,ทรายมูล,15.9835,104.1958
ยโสธร,ป่าติ้ว,15.8485,104.3927
ยโสธร,มหาชนะชัย,15.5141,104.2557
ยโสธร,เมืองยโสธร,15.8479,104.1685
ยโสธร,เลิงนกทา,16.2033,104.5227
ยโสธร,ไทยเจริญ,16.0858,104.4369
ระนอง,กระบุรี,10.4615,98.8461
ระนอง,กะเปอร์,9.5643,98.621
ระนอง,ละอุ่น,10.0813,98.7817
ระนอง,สุขสำราญ,9.4136,98.5232
ระนอง,เมืองระนอง,9.8792,98.6224
ระยอง,นิคมพัฒนา,12.8428,101.1487
ระยอง,บ้านค่าย,12.84,101.3421
ระยอง,บ้านฉาง,12.7332,101.0482
ระยอง,ปลวกแดง,12.9788,101.2509
ระยอง,วังจันทร์,12.9659,101.5178
ระยอง,เขาชะเมา,12.9943,101.6784
ระยอง,เมืองระยอง,12.7183,101.3471
ระยอง,แกลง,12.7787,101.6547
ราชบุรี,จอมบึง,13.6399,99.5194
ราชบุรี,ดำเนินสะดวก,13.5685,99.9679
ราชบุรี,บางแพ,13.6796,99.9783
ราชบุรี,บ้านคา,13.3214,99.3869
ราชบุรี,บ้านโป่ง,13.8199,99.8249
ราชบุรี,ปากท่อ,13.3642,99.6581
ราชบุรี,วัดเพลง,13.4508,99.8642
ราชบุรี,สวนผึ้ง,13.5507,99.2929
ราชบุรี,เมืองราชบุรี,13.5421,99.7672
ราชบุรี,โพธาราม,13.7102,99.7532
ร้อยเอ็ด,จตุรพักตรพิมาน,15.8291,103.5484
ร้อยเอ็ด,จังหาร,16.1656,103.6096
ร้อยเอ็ด,ทุ่งเขาหลวง,15.9943,103.8671
ร้อยเอ็ด,ธวัชบุรี,16.0305,103.7748
ร้อยเอ็ด,ปทุมรัตต์,15.6242,103.3827
ร้อยเอ็ด,พนมไพร,15.6942,104.0729
ร้อยเอ็ด,ศรีสมเด็จ,16.0191,103.5063
ร้อยเอ็ด,สุวรรณภูมิ,15.608,103.8034
ร้อยเอ็ด,หนองพอก,16.3046,104.2167
ร้อยเอ็ด,หนองฮี,15.5816,104.0089
ร้อยเอ็ด,อาจสามารถ,15.8394,103.8742
ร้อยเอ็ด,เกษตรวิสัย,15.6034,103.5627
ร้อยเอ็ด,เชียงขวัญ,16.1494,103.7436
ร้อยเอ็ด,เมยวดี,16.3758,104.1096
ร้อยเอ็ด,เมืองร้อยเอ็ด,16.0194,103.6096
ร้อยเอ็ด,เมืองสรวง,15.7878,103.7508
ร้อยเอ็ด,เสลภูมิ,16.051,103.9961
ร้อยเอ็ด,โพธิ์ชัย,16.3294,103.7979
ร้อยเอ็ด,โพนทราย,15.4941,103.9363
ร้อยเอ็ด,โพนทอง,16.2894,103.9635
ลพบุรี,ชัยบาดาล,15.1996,101.1338
ลพบุรี,ท่าวุ้ง,14.8293,100.5071
ลพบุรี,ท่าหลวง,15.0547,101.1934
ลพบุรี,บ้านหมี่,15.0617,100.5494
ลพบุรี,พัฒนานิคม,14.9132,101.0204
ลพบุรี,ลำสนธิ,15.4014,101.351
ลพบุรี,สระโบสถ์,15.2315,100.873
ลพบุรี,หนองม่วง,15.2858,100.7001
ลพบุรี,เมืองลพบุรี,14.8261,100.6827
ลพบุรี,โคกสำโรง,15.0552,100.7678
ลพบุรี,โคกเจริญ,15.4161,100.8465
ลำปาง,งาว,18.7574,99.927
ลำปาง,วังเหนือ,19.1466,99.6395
ลำปาง,สบปราบ,17.8966,99.3359
ลำปาง,ห้างฉัตร,18.3431,99.2759
ลำปาง,เกาะคา,18.139,99.345
ลำปาง,เถิน,17.5665,99.2864
ลำปาง,เมืองปาน,18.7926,99.4518
ลำปาง,เมืองลำปาง,18.4116,99.5355
ลำปาง,เสริมงาม,18.0897,99.1598
ลำปาง,แจ้ห่ม,18.7509,99.65
ลำปาง,แม่ทะ,18.1051,99.5722
ลำปาง,แม่พริก,17.503,99.0536
ลำปาง,แม่เมาะ,18.4053,99.8238
ลำพูน,ทุ่งหัวช้าง,17.976,99.057
ลำพูน,บ้านธิ,18.648,99.1597
ลำพูน,บ้านโฮ่ง,18.267,98.8234
ลำพูน,ป่าซาง,18.4191,98.8867
ลำพูน,ลี้,17.788,98.8845
ลำพูน,เมืองลำพูน,18.5523,99.0593
ลำพูน,เวียงหนองล่อง,18.4151,98.7478
ลำพูน,แม่ทา,18.3809,99.0832
ศรีสะเกษ,กันทรลักษ์,14.5711,104.6702
ศรีสะเกษ,กันทรารมย์,15.1259,104.5711
ศรีสะเกษ,ขุขันธ์,14.7258,104.1885
ศรีสะเกษ,ขุนหาญ,14.5371,104.4059
ศรีสะเกษ,น้ำเกลี้ยง,14.9196,104.5276
ศรีสะเกษ,บึงบูรพ์,15.3049,104.0589
ศรีสะเกษ,ปรางค์กู่,14.8539,104.0339
ศรีสะเกษ,พยุห์,14.9081,104.3796
ศรีสะเกษ,ภูสิงห์,14.4889,104.1464
ศรีสะเกษ,ยางชุมน้อย,15.2395,104.3896
ศรีสะเกษ,ราษีไศล,15.3457,104.1822
ศรีสะเกษ,วังหิน,14.9632,104.2126
ศรีสะเกษ,ศรีรัตนะ,14.7996,104.4833
ศรีสะเกษ,ศิลาลาด,15.4843,104.0927
ศรีสะเกษ,ห้วยทับทัน,15.0204,104.036
ศรีสะเกษ,อุทุมพรพิสัย,15.1271,104.1603
ศรีสะเกษ,เบญจลักษ์,14.7877,104.7129
ศรีสะเกษ,เมืองจันทร์,15.1849,104.0226
ศรีสะเกษ,เมืองศรีสะเกษ,15.0876,104.3469
ศรีสะเกษ,โนนคูณ,14.9065,104.6934
ศรีสะเกษ,โพธิ์ศรีสุวรรณ,15.2352,104.067
ศรีสะเกษ,ไพรบึง,14.77,104.3454
สกลนคร,กุดบาก,17.0855,103.8168
สกลนคร,กุสุมาลย์,17.3564,104.2707
สกลนคร,คำตากล้า,17.8289,103.7866
สกลนคร,นิคมน้ำอูน,17.1694,103.7293
สกลนคร,บ้านม่วง,17.901,103.5265
สกลนคร,พรรณานิคม,17.3162,103.8943
สกลนคร,พังโคน,17.3883,103.7502
สกลนคร,ภูพาน,16.936,103.9288
สกลนคร,วานรนิวาส,17.6288,103.7376
สกลนคร,วาริชภูมิ,17.2566,103.6094
สกลนคร,สว่างแดนดิน,17.461,103.4476
สกลนคร,ส่องดาว,17.313,103.4408
สกลนคร,อากาศอำนวย,17.6417,103.9719
สกลนคร,เจริญศิลป์,17.6409,103.5315
สกลนคร,เต่างอย,16.9414,104.1504
สกลนคร,เมืองสกลนคร,17.1741,104.1021
สกลนคร,โคกศรีสุพรรณ,17.0255,104.2956
สกลนคร,โพนนาแก้ว,17.2139,104.3072
สงขลา,กระแสสินธุ์,7.6098,100.2947
สงขลา,คลองหอยโข่ง,6.8576,100.3414
สงขลา,ควนเนียง,7.1851,100.3856
สงขลา,จะนะ,6.8976,100.7036
สงขลา,นาทวี,6.6399,100.6757
สงขลา,นาหม่อม,6.9504,100.5683
สงขลา,บางกล่ำ,7.0631,100.4028
สงขลา,ระโนด,7.7924,100.2947
สงขลา,รัตภูมิ,7.0767,100.1948
สงขลา,สทิงพระ,7.4858,100.411
สงขลา,สะบ้าย้อย,6.5296,100.909
สงขลา,สะเดา,6.673,100.4294
สงขลา,สิงหนคร,7.2679,100.4884
สงขลา,หาดใหญ่,6.9718,100.4251
สงขลา,เทพา,6.7893,100.91
สงขลา,เมืองสงขลา,7.1213,100.5982
สตูล,ควนกาหลง,6.9207,100.0512
สตูล,ควนโดน,6.7712,100.1198
สตูล,ทุ่งหว้า,7.082,99.8299
สตูล,ท่าแพ,6.7988,99.9162
สตูล,มะนัง,7.0049,99.9303
สตูล,ละงู,6.916,99.7957
สตูล,เมืองสตูล,6.6302,100.0343
สมุทรปราการ,บางบ่อ,13.5844,100.8646
สมุทรปราการ,บางพลี,13.6257,100.7271
สมุทรปราการ,บางเสาธง,13.6388,100.8115
สมุทรปราการ,พระประแดง,13.6536,100.5535
สมุทรปราการ,พระสมุทรเจดีย์,13.5537,100.5158
สมุทรปราการ,เมืองสมุทรปราการ,13.5689,100.6517
สมุทรสงคราม,บางคนที,13.4767,99.9489
สมุทรสงคราม,อัมพวา,13.3641,99.9089
สมุทรสงคราม,เมืองสมุทรสงคราม,13.3996,99.9987
สมุทรสาคร,กระทุ่มแบน,13.6588,100.2731
สมุทรสาคร,บ้านแพ้ว,13.5899,100.1174
สมุทรสาคร,เมืองสมุทรสาคร,13.5309,100.2519
สระบุรี,ดอนพุด,14.609,100.615
สระบุรี,บ้านหมอ,14.6109,100.7184
สระบุรี,พระพุทธบาท,14.7218,100.8173
สระบุรี,มวกเหล็ก,14.7941,101.2775
สระบุรี,วังม่วง,14.8219,101.1398
สระบุรี,วิหารแดง,14.3463,100.9798
สระบุรี,หนองแค,14.3683,100.8647
สระบุรี,หนองแซง,14.4841,100.8037
สระบุรี,หนองโดน,14.6993,100.703
สระบุรี,เฉลิมพระเกียรติ,14.6605,100.9106
สระบุรี,เมืองสระบุรี,14.4987,100.9266
สระบุรี,เสาไห้,14.5751,100.8386
สระบุรี,แก่งคอย,14.5606,101.0631
สระแก้ว,คลองหาด,13.4766,102.2775
สระแก้ว,ตาพระยา,14.047,102.7208
สระแก้ว,วังน้ำเย็น,13.5163,102.0795
สระแก้ว,วังสมบูรณ์,13.3652,102.1184
สระแก้ว,วัฒนานคร,13.8937,102.3614
สระแก้ว,อรัญประเทศ,13.692,102.4774
สระแก้ว,เขาฉกรรจ์,13.6259,102.0248
สระแก้ว,เมืองสระแก้ว,13.9288,102.1041
สระแก้ว,โคกสูง,13.8482,102.6415
สิงห์บุรี,ค่ายบางระจัน,14.8212,100.3056
สิงห์บุรี,ท่าช้าง,14.7802,100.3909
สิงห์บุรี,บางระจัน,14.8963,100.2771
สิงห์บุรี,พรหมบุรี,14.7844,100.4461
สิงห์บุรี,อินทร์บุรี,15.0219,100.3495
สิงห์บุรี,เมืองสิงห์บุรี,14.9096,100.4022
สุพรรณบุรี,ดอนเจดีย์,14.6474,99.9407
สุพรรณบุรี,ด่านช้าง,14.8832,99.5083
สุพรรณบุรี,บางปลาม้า,14.3523,100.1469
สุพรรณบุรี,ศรีประจันต์,14.6321,100.1486
สุพรรณบุรี,สองพี่น้อง,14.1939,99.9902
สุพรรณบุรี,สามชุก,14.7565,100.0654
สุพรรณบุรี,หนองหญ้าไซ,14.7821,99.8537
สุพรรณบุรี,อู่ทอง,14.4141,99.8856
สุพรรณบุรี,เดิมบางนางบวช,14.877,100.0313
สุพรรณบุรี,เมืองสุพรรณบุรี,14.4894,100.067
สุราษฎร์ธานี,กาญจนดิษฐ์,9.0721,99.5438
สุราษฎร์ธานี,คีรีรัฐนิคม,9.0121,98.9322
สุราษฎร์ธานี,ชัยบุรี,8.4515,99.071
สุราษฎร์ธานี,ดอนสัก,9.2036,99.6903
สุราษฎร์ธานี,ท่าฉาง,9.3436,98.9435
สุราษฎร์ธานี,ท่าชนะ,9.601,98.9926
สุราษฎร์ธานี,บ้านตาขุน,9.0987,98.6666
สุราษฎร์ธานี,บ้านนาสาร,8.8133,99.4025
สุราษฎร์ธานี,บ้านนาเดิม,8.8993,99.2731
สุราษฎร์ธานี,พนม,8.8029,98.7007
สุราษฎร์ธานี,พระแสง,8.555,99.1168
สุราษฎร์ธานี,พุนพิน,9.0292,99.1444
สุราษฎร์ธานี,วิภาวดี,9.2424,98.8465
สุราษฎร์ธานี,เกาะพะงัน,9.7443,100.0254
สุราษฎร์ธานี,เกาะสมุย,9.5054,99.9939
สุราษฎร์ธานี,เคียนซา,8.742,99.1148
สุราษฎร์ธานี,เมืองสุราษฎร์ธาน,9.0995,99.3247
สุราษฎร์ธานี,เวียงสระ,8.6002,99.3561
สุราษฎร์ธานี,ไชยา,9.442,99.0675
สุรินทร์,กาบเชิง,14.4725,103.5667
สุรินทร์,จอมพระ,15.1389,103.5834
สุรินทร์,ชุมพลบุรี,15.3847,103.3669
สุรินทร์,ท่าตูม,15.3098,103.6442
สุรินทร์,บัวเชด,14.4792,103.9781
สุรินทร์,ปราสาท,14.6286,103.4106
สุรินทร์,พนมดงรัก,14.4284,103.3085
สุรินทร์,รัตนบุรี,15.3403,103.9026
สุรินทร์,ลำดวน,14.7163,103.6913
สุรินทร์,ศรีณรงค์,14.7784,103.884
สุรินทร์,ศีขรภูมิ,14.9496,103.7812
สุรินทร์,สนม,15.1793,103.7815
สุรินทร์,สังขะ,14.5657,103.8305
สุรินทร์,สำโรงทาบ,15.0446,103.9419
สุรินทร์,เขวาสินรินทร์,15.0062,103.6152
สุรินทร์,เมืองสุรินทร์,14.8849,103.5091
สุรินทร์,โนนนารายณ์,15.1944,103.9069
สุโขทัย,กงไกรลาศ,16.94,99.9753
สุโขทัย,คีรีมาศ,16.8336,99.7348
สุโขทัย,ทุ่งเสลี่ยม,17.3568,99.5524
สุโขทัย,บ้านด่านลานหอย,17.0595,99.4909
สุโขทัย,ศรีนคร,17.3829,99.9671
สุโขทัย,ศรีสัชนาลัย,17.6002,99.7045
สุโขทัย,ศรีสำโรง,17.1636,99.7397
สุโขทัย,สวรรคโลก,17.301,99.8348
สุโขทัย,เมืองสุโขทัย,17.0248,99.7759
หนองคาย,ท่าบ่อ,17.7981,102.5637
หนองคาย,รัตนวาปี,18.1925,103.2386
หนองคาย,ศรีเชียงใหม่,17.9373,102.5015
หนองคาย,สระใคร,17.6656,102.7017
หนองคาย,สังคม,18.0644,102.2151
หนองคาย,เฝ้าไร่,18.0046,103.299
หนองคาย,เมืองหนองคาย,17.8358,102.7922
หนองคาย,โพธิ์ตาก,17.8898,102.4278
หนองคาย,โพนพิสัย,17.952,103.1253
หนองบัวลำภู,นากลาง,17.3276,102.2065
หนองบัวลำภู,นาวัง,17.3585,102.0587
หนองบัวลำภู,ศรีบุญเรือง,17.0062,102.2075
หนองบัวลำภู,สุวรรณคูหา,17.5504,102.2463
หนองบัวลำภู,เมืองหนองบัวลำภู,17.1665,102.3991
หนองบัวลำภู,โนนสัง,16.9066,102.5286
อำนาจเจริญ,ชานุมาน,16.1258,104.9229
อำนาจเจริญ,ปทุมราชวงศา,15.8979,104.8979
อำนาจเจริญ,พนา,15.6727,104.8535
อำนาจเจริญ,ลืออำนาจ,15.7115,104.706
อำนาจเจริญ,หัวตะพาน,15.6793,104.5232
อำนาจเจริญ,เมืองอำนาจเจริญ,15.8817,104.6376
อำนาจเจริญ,เสนางคนิคม,16.0532,104.6828
อุดรธานี,กุดจับ,17.4432,102.5336
อุดรธานี,กุมภวาปี,17.0916,102.9907
อุดรธานี,กู่แก้ว,17.1621,103.1629
อุดรธานี,ทุ่งฝน,17.5024,103.2114
อุดรธานี,นายูง,17.9321,102.1305
อุดรธานี,น้ำโสม,17.7473,102.1796
อุดรธานี,บ้านดุง,17.7085,103.2617
อุดรธานี,บ้านผือ,17.6764,102.445
อุดรธานี,ประจักษ์ศิลปาคม,17.2445,102.9905
อุดรธานี,พิบูลย์รักษ์,17.526,103.0663
อุดรธานี,วังสามหมอ,17.0479,103.4572
อุดรธานี,ศรีธาตุ,17.0367,103.2261
อุดรธานี,สร้างคอม,17.7903,103.0505
อุดรธานี,หนองวัวซอ,17.195,102.5883
อุดรธานี,หนองหาน,17.3629,103.1024
อุดรธานี,หนองแสง,17.1449,102.7815
อุดรธานี,เพ็ญ,17.6645,102.9288
อุดรธานี,เมืองอุดรธานี,17.3937,102.7885
อุดรธานี,โนนสะอาด,16.9505,102.8966
อุดรธานี,ไชยวาน,17.2213,103.2746
อุตรดิตถ์,ตรอน,17.4684,100.1335
อุตรดิตถ์,ทองแสนขัน,17.4933,100.3938
อุตรดิตถ์,ท่าปลา,17.8642,100.4708
อุตรดิตถ์,น้ำปาด,17.704,100.7287
อุตรดิตถ์,บ้านโคก,18.1383,101.0575
อุตรดิตถ์,พิชัย,17.2963,100.1078
อุตรดิตถ์,ฟากท่า,18.004,100.8763
อุตรดิตถ์,ลับแล,17.661,100.0124
อุตรดิตถ์,เมืองอุตรดิตถ์,17.6827,100.1908
อุทัยธานี,ทัพทัน,15.4919,99.8225
อุทัยธานี,บ้านไร่,15.227,99.3316
อุทัยธานี,ลานสัก,15.5149,99.4143
อุทัยธานี,สว่างอารมณ์,15.6034,99.7616
อุทัยธานี,หนองขาหย่าง,15.3491,99.9439
อุทัยธานี,หนองฉาง,15.3695,99.7677
อุทัยธานี,ห้วยคต,15.3025,99.5312
อุทัยธานี,เมืองอุทัยธานี,15.3989,100.0226
อุบลราชธานี,กุดข้าวปุ้น,15.8168,105.0396
อุบลราชธานี,ดอนมดแดง,15.383,105.0161
อุบลราชธานี,ตระการพืชผล,15.6153,105.0647
อุบลราชธานี,ตาลสุม,15.3895,105.1521
อุบลราชธานี,ทุ่งศรีอุดม,14.7406,104.9168
อุบลราชธานี,นาจะหลวย,14.5649,105.2282
อุบลราชธานี,นาตาล,15.9329,105.2821
อุบลราชธานี,นาเยีย,15.0499,105.0584
อุบลราชธานี,น้ำขุ่น,14.5668,104.8942
อุบลราชธานี,น้ำยืน,14.4395,105.0681
อุบลราชธานี,บุณฑริก,14.7083,105.4019
อุบลราชธานี,พิบูลมังสาหาร,15.1498,105.2367
อุบลราชธานี,ม่วงสามสิบ,15.526,104.7207
อุบลราชธานี,วารินชำราบ,15.1215,104.8585
อุบลราชธานี,ศรีเมืองใหม่,15.563,105.3545
อุบลราชธานี,สว่างวีระวงศ์,15.2353,105.0695
อุบลราชธานี,สำโรง,14.98,104.7901
อุบลราชธานี,สิรินธร,15.1108,105.4357
อุบลราชธานี,เขมราฐ,15.9727,105.1524
อุบลราชธานี,เขื่องใน,15.394,104.5342
อุบลราชธานี,เดชอุดม,14.8493,105.0735
อุบลราชธานี,เมืองอุบลราชธานี,15.3004,104.8285
อุบลราชธานี,เหล่าเสือโก้ก,15.4405,104.9098
อุบลราชธานี,โขงเจียม,15.4538,105.501
อุบลราชธานี,โพธิ์ไทร,15.7651,105.3419
อ่างทอง,ป่าโมก,14.4893,100.453
อ่างทอง,วิเศษชัยชาญ,14.5546,100.3125
อ่างทอง,สามโก้,14.6046,100.2533
อ่างทอง,เมืองอ่างทอง,14.5791,100.443
อ่างทอง,แสวงหา,14.7487,100.2863
อ่างทอง,โพธิ์ทอง,14.6774,100.344
อ่างทอง,ไชโย,14.6737,100.465
เชียงราย,ขุนตาล,19.8757,100.2794
เชียงราย,ดอยหลวง,20.1386,100.1522
เชียงราย,ป่าแดด,19.5063,99.9779
เชียงราย,พญาเม็งราย,19.8792,100.1535
เชียงราย,พาน,19.5602,99.7507
เชียงราย,เชียงของ,20.1514,100.3436
เชียงราย,เชียงแสน,20.2803,100.1419
เชียงราย,เทิง,19.6936,100.1972
เชียงราย,เมืองเชียงราย,19.9163,99.7731
เชียงราย,เวียงชัย,19.8667,99.9929
เชียงราย,เวียงป่าเป้า,19.2848,99.4358
เชียงราย,เวียงเชียงรุ้ง,20.0168,100.0592
เชียงราย,เวียงแก่น,20.0053,100.4724
เชียงราย,แม่จัน,20.163,99.8479
เชียงราย,แม่ฟ้าหลวง,20.2506,99.6597
เชียงราย,แม่ลาว,19.7757,99.6988
เชียงราย,แม่สรวย,19.6931,99.4746
เชียงราย,แม่สาย,20.3644,99.9115
เชียงใหม่,กัลยาณิวัฒนา,19.0118,98.3183
เชียงใหม่,จอมทอง,18.3716,98.6037
เชียงใหม่,ดอยสะเก็ด,18.9393,99.2165
เชียงใหม่,ดอยหล่อ,18.5325,98.7537
เชียงใหม่,ดอยเต่า,17.9059,98.6749
เชียงใหม่,ฝาง,19.8855,99.1626
เชียงใหม่,พร้าว,19.2937,99.2184
เชียงใหม่,สะเมิง,18.9095,98.636
เชียงใหม่,สันกำแพง,18.7345,99.1634
เชียงใหม่,สันทราย,18.9552,99.0307
เชียงใหม่,สันป่าตอง,18.6063,98.8773
เชียงใหม่,สารภี,18.6979,99.0196
เชียงใหม่,หางดง,18.7349,98.8795
เชียงใหม่,อมก๋อย,17.6805,98.3358
เชียงใหม่,ฮอด,18.1138,98.4764
เชียงใหม่,เชียงดาว,19.5051,98.9097
เชียงใหม่,เมืองเชียงใหม่,18.7908,98.9556
เชียงใหม่,เวียงแหง,19.5888,98.6627
เชียงใหม่,แม่ริม,18.9412,98.8785
เชียงใหม่,แม่วาง,18.6659,98.6548
เชียงใหม่,แม่ออน,18.7439,99.2984
เชียงใหม่,แม่อาย,20.0006,99.328
เชียงใหม่,แม่แจ่ม,18.6084,98.3062
เชียงใหม่,แม่แตง,19.1804,98.8509
เชียงใหม่,ไชยปราการ,19.6806,99.1729
เพชรบุรี,ชะอำ,12.7576,99.9004
เพชรบุรี,ท่ายาง,12.8167,99.7906
เพชรบุรี,บ้านลาด,13.0468,99.8494
เพชรบุรี,บ้านแหลม,13.1755,99.9842
เพชรบุรี,หนองหญ้าปล้อง,13.1282,99.4746
เพชรบุรี,เขาย้อย,13.2435,99.8049
เพชรบุรี,เมืองเพชรบุรี,13.0813,99.9689
เพชรบุรี,แก่งกระจาน,12.8595,99.4636
เพชรบูรณ์,ชนแดน,16.1248,100.8291
เพชรบูรณ์,น้ำหนาว,16.8459,101.5894
เพชรบูรณ์,บึงสามพัน,15.8296,101.0026
เพชรบูรณ์,วังโป่ง,16.3505,100.8055
เพชรบูรณ์,วิเชียรบุรี,15.6598,101.0984
เพชรบูรณ์,ศรีเทพ,15.4417,101.1373
เพชรบูรณ์,หนองไผ่,16.0216,101.1379
เพชรบูรณ์,หล่มสัก,16.7284,101.3115
เพชรบูรณ์,หล่มเก่า,16.9916,101.2776
เพชรบูรณ์,เขาค้อ,16.6546,100.9887
เพชรบูรณ์,เมืองเพชรบูรณ์,16.383,101.182
เลย,ด่านซ้าย,17.2313,101.2181
เลย,ท่าลี่,17.6173,101.4393
เลย,นาด้วง,17.5423,101.9959
เลย,นาแห้ว,17.4419,100.9946
เลย,ปากชม,17.9124,101.9572
เลย,ผาขาว,17.0493,102.0122
เลย,ภูกระดึง,16.8947,101.8401
เลย,ภูหลวง,17.0979,101.6232
เลย,ภูเรือ,17.4028,101.3911
เลย,วังสะพุง,17.2742,101.7136
เลย,หนองหิน,17.0739,101.8201
เลย,เชียงคาน,17.8266,101.7333
เลย,เมืองเลย,17.5429,101.7191
เลย,เอราวัณ,17.2872,101.9745
แพร่,ร้องกวาง,18.3333,100.3783
แพร่,ลอง,18.1324,99.8874
แพร่,วังชิ้น,17.863,99.6373
แพร่,สอง,18.5778,100.2142
แพร่,สูงเม่น,18.0377,100.1235
แพร่,หนองม่วงไข่,18.2944,100.1596
แพร่,เด่นชัย,17.9197,100.0192
แพร่,เมืองแพร่,18.1149,100.2461
แม่ฮ่องสอน,ขุนยวม,18.8316,97.9025
แม่ฮ่องสอน,ปางมะผ้า,19.5847,98.1964
แม่ฮ่องสอน,ปาย,19.3258,98.4193
แม่ฮ่องสอน,สบเมย,17.9137,97.9643
แม่ฮ่องสอน,เมืองแม่ฮ่องสอน,19.265,98.005
แม่ฮ่องสอน,แม่ลาน้อย,18.4807,97.9823
แม่ฮ่องสอน,แม่สะเรียง,18.2802,97.7834
